instance,admitted_rovers,total_rovers,admitted_cameras,total_cameras,admitted_stores,total_stores,soil_goals,rock_goals,image_goals,uncovered_goals,min_goal_witnesses,max_goal_witnesses
p09.pddl,4,4,5,5,3,4,3,3,2,0,1,4
p10.pddl,4,4,6,6,4,4,4,4,3,0,2,3
p11.pddl,4,4,3,4,4,4,4,4,1,0,1,4
p12.pddl,4,4,4,4,3,4,1,2,3,0,2,3
p13.pddl,4,4,3,5,4,4,4,5,3,0,2,4
p14.pddl,4,4,5,5,2,4,2,3,3,0,1,4
p15.pddl,4,4,4,4,3,4,5,3,2,0,1,3
p16.pddl,4,4,2,4,4,4,4,4,3,0,2,4
p17.pddl,6,6,7,7,4,6,4,4,5,0,1,3
p18.pddl,6,6,7,7,6,6,2,5,4,0,3,4
p19.pddl,6,6,7,7,4,6,3,6,8,0,3,5
p20.pddl,8,8,7,7,6,8,6,9,5,0,3,6
